{"0": {"Team": "Montreal Canadiens", "GP": 6737, "W": 3453, "L": 2281, "Tie": 837, "OT": 166, "Points": 7909, "W_PCT": 0.5870000000000001, "Stadium_Name": "Bell Centre", "Latitude": 45.496109999999994, "Longitude": -73.56944}, "1": {"Team": "Boston Bruins", "GP": 6577, "W": 3213, "L": 2388, "Tie": 791, "OT": 185, "Points": 7402, "W_PCT": 0.563, "Stadium_Name": "TD Garden", "Latitude": 42.3663028, "Longitude": -71.06222779999999}, "2": {"Team": "Detroit Red Wings", "GP": 6512, "W": 2972, "L": 2551, "Tie": 815, "OT": 174, "Points": 6933, "W_PCT": 0.532, "Stadium_Name": "Joe Louis Arena", "Latitude": 42.32528, "Longitude": -83.05139}, "3": {"Team": "Toronto Maple Leafs", "GP": 6738, "W": 2971, "L": 2817, "Tie": 783, "OT": 167, "Points": 6892, "W_PCT": 0.511, "Stadium_Name": "Air Canada Centre", "Latitude": 43.64333, "Longitude": -79.37917}, "4": {"Team": "New York Rangers", "GP": 6511, "W": 2858, "L": 2697, "Tie": 808, "OT": 148, "Points": 6672, "W_PCT": 0.512, "Stadium_Name": "Madison Square Garden", "Latitude": 40.75056, "Longitude": -73.99361}, "5": {"Team": "Chicago Blackhawks", "GP": 6512, "W": 2790, "L": 2739, "Tie": 814, "OT": 169, "Points": 6563, "W_PCT": 0.504, "Stadium_Name": "United Center", "Latitude": 41.880559999999996, "Longitude": -87.67416999999999}, "6": {"Team": "Philadelphia Flyers", "GP": 4123, "W": 2059, "L": 1431, "Tie": 457, "OT": 176, "Points": 4751, "W_PCT": 0.5760000000000001, "Stadium_Name": "Wells Fargo Center", "Latitude": 39.901109999999996, "Longitude": -75.17194}, "7": {"Team": "St. Louis Blues", "GP": 4124, "W": 1906, "L": 1627, "Tie": 432, "OT": 159, "Points": 4403, "W_PCT": 0.534, "Stadium_Name": "Scottrade Center", "Latitude": 38.626670000000004, "Longitude": -90.2025}, "8": {"Team": "Pittsburgh Penguins", "GP": 4123, "W": 1870, "L": 1721, "Tie": 383, "OT": 149, "Points": 4272, "W_PCT": 0.518, "Stadium_Name": "Consol Energy Center", "Latitude": 40.439440000000005, "Longitude": -79.98917}, "9": {"Team": "Dallas Stars", "GP": 4118, "W": 1822, "L": 1689, "Tie": 459, "OT": 148, "Points": 4251, "W_PCT": 0.516, "Stadium_Name": "American Airlines Center", "Latitude": 32.79056, "Longitude": -96.81028}, "10": {"Team": "Buffalo Sabres", "GP": 3897, "W": 1793, "L": 1533, "Tie": 409, "OT": 162, "Points": 4157, "W_PCT": 0.5329999999999999, "Stadium_Name": "First Niagara Center", "Latitude": 42.875, "Longitude": -78.87639}, "11": {"Team": "Los Angeles Kings", "GP": 4123, "W": 1736, "L": 1803, "Tie": 424, "OT": 160, "Points": 4056, "W_PCT": 0.49200000000000005, "Stadium_Name": "Staples Center", "Latitude": 34.04306, "Longitude": -118.26722}, "12": {"Team": "Calgary Flames", "GP": 3739, "W": 1741, "L": 1471, "Tie": 379, "OT": 148, "Points": 4009, "W_PCT": 0.536, "Stadium_Name": "Scotiabank Saddledome", "Latitude": 51.0375, "Longitude": -114.05193999999999}, "13": {"Team": "New York Islanders", "GP": 3738, "W": 1659, "L": 1573, "Tie": 347, "OT": 159, "Points": 3824, "W_PCT": 0.512, "Stadium_Name": "Nassau Veterans Memorial Coliseum", "Latitude": 40.72278, "Longitude": -73.59056}, "14": {"Team": "Vancouver Canucks", "GP": 3898, "W": 1630, "L": 1722, "Tie": 391, "OT": 155, "Points": 3806, "W_PCT": 0.488, "Stadium_Name": "Rogers Arena", "Latitude": 49.27778, "Longitude": -123.10888999999999}, "15": {"Team": "Washington Capitals", "GP": 3584, "W": 1668, "L": 1452, "Tie": 303, "OT": 161, "Points": 3800, "W_PCT": 0.53, "Stadium_Name": "Verizon Center", "Latitude": 38.89806, "Longitude": -77.02083}, "16": {"Team": "New Jersey Devils", "GP": 3584, "W": 1518, "L": 1575, "Tie": 328, "OT": 163, "Points": 3527, "W_PCT": 0.49200000000000005, "Stadium_Name": "Prudential Center", "Latitude": 40.73361, "Longitude": -74.17111}, "17": {"Team": "Colorado Avalanche", "GP": 3185, "W": 1469, "L": 1317, "Tie": 261, "OT": 138, "Points": 3337, "W_PCT": 0.524, "Stadium_Name": "Pepsi Center", "Latitude": 39.74861, "Longitude": -105.0075}, "18": {"Team": "Edmonton Oilers", "GP": 3187, "W": 1437, "L": 1323, "Tie": 262, "OT": 165, "Points": 3301, "W_PCT": 0.518, "Stadium_Name": "Rexall Place", "Latitude": 53.57139, "Longitude": -113.45611000000001}, "19": {"Team": "Carolina Hurricanes", "GP": 3179, "W": 1327, "L": 1423, "Tie": 263, "OT": 166, "Points": 3083, "W_PCT": 0.485, "Stadium_Name": "PNC Arena", "Latitude": 35.803329999999995, "Longitude": -78.72194}, "20": {"Team": "Arizona Coyotes", "GP": 3185, "W": 1313, "L": 1446, "Tie": 266, "OT": 160, "Points": 3052, "W_PCT": 0.479, "Stadium_Name": "Jobing.com Arena", "Latitude": 33.531940000000006, "Longitude": -112.26111000000002}, "21": {"Team": "San Jose Sharks", "GP": 2225, "W": 1052, "L": 896, "Tie": 121, "OT": 156, "Points": 2381, "W_PCT": 0.535, "Stadium_Name": "HP Pavilion at San Jose", "Latitude": 37.33278, "Longitude": -121.90111}, "22": {"Team": "Anaheim Ducks", "GP": 2062, "W": 976, "L": 806, "Tie": 107, "OT": 173, "Points": 2232, "W_PCT": 0.541, "Stadium_Name": "Honda Center", "Latitude": 33.80778, "Longitude": -117.87666999999999}, "23": {"Team": "Ottawa Senators", "GP": 2146, "W": 949, "L": 917, "Tie": 115, "OT": 165, "Points": 2178, "W_PCT": 0.507, "Stadium_Name": "Scotiabank Place", "Latitude": 45.29694, "Longitude": -75.92721999999999}, "24": {"Team": "Tampa Bay Lightning", "GP": 2142, "W": 952, "L": 931, "Tie": 112, "OT": 147, "Points": 2163, "W_PCT": 0.505, "Stadium_Name": "Tampa Bay Times Forum", "Latitude": 27.94278, "Longitude": -82.45194000000001}, "25": {"Team": "Florida Panthers", "GP": 2056, "W": 855, "L": 856, "Tie": 142, "OT": 203, "Points": 2055, "W_PCT": 0.5, "Stadium_Name": "BB&T Center", "Latitude": 26.15833, "Longitude": -80.32556}, "26": {"Team": "Nashville Predators", "GP": 1682, "W": 825, "L": 636, "Tie": 60, "OT": 161, "Points": 1871, "W_PCT": 0.556, "Stadium_Name": "Bridgestone Arena", "Latitude": 36.15917, "Longitude": -86.77861}, "27": {"Team": "Minnesota Wild", "GP": 1518, "W": 728, "L": 586, "Tie": 55, "OT": 149, "Points": 1660, "W_PCT": 0.547, "Stadium_Name": "Xcel Energy Center", "Latitude": 44.944720000000004, "Longitude": -93.10110999999999}, "28": {"Team": "Winnipeg Jets", "GP": 1602, "W": 699, "L": 708, "Tie": 45, "OT": 150, "Points": 1593, "W_PCT": 0.49700000000000005, "Stadium_Name": "MTS Centre", "Latitude": 49.89278, "Longitude": -97.14361}, "29": {"Team": "Columbus Blue Jackets", "GP": 1519, "W": 662, "L": 674, "Tie": 33, "OT": 150, "Points": 1507, "W_PCT": 0.496, "Stadium_Name": "Nationwide Arena", "Latitude": 39.9692833, "Longitude": -83.00610999999999}, "30": {"Team": "Las Vegas Golden Knights", "GP": 242, "W": 138, "L": 81, "Tie": 0, "OT": 23, "Points": 299, "W_PCT": 0.618, "Stadium_Name": "T-Mobile Arena", "Latitude": 36.1029, "Longitude": -115.1784}}